loss,standalone,forward pass,training step
CE Loss,10.39180875000011,36.77433399999995,28.852798958999983
MSE Loss,0.3613555419999557,29.32326629199997,27.29514320899989
Wassserstein Loss,3.599772332999919,33.51663608400008,29.253610083000012
Abs Diff NTL Loss,0.5486379999999826,29.155186875000027,28.315605667
