loss,standalone,forward pass,training step
CE Loss,7.029692957999941,46.248890958000175,29.837432416999945
MSE Loss,0.5509094579997509,33.90842095800008,27.544163667000248
Wassserstein Loss,4.875885082999957,38.66120004100003,29.20924366700001
Abs Diff NTL Loss,0.13406299999996918,34.46528908299979,27.448565415999838
