loss,standalone,forward pass,training step
CE Loss,7.853081582999948,41.608288667000124,29.61353250000002
MSE Loss,0.25961116700000275,30.524908917000175,27.37192295900013
Wassserstein Loss,4.2439091249998455,35.25411287499992,29.22996358399996
Abs Diff NTL Loss,0.48895124999990003,31.00179895800011,27.423059167000247
