loss,standalone,forward pass,training step
CE Loss,8.100020709000091,36.98371687500003,29.55924316699975
MSE Loss,0.30635604100007185,33.62033658300015,27.427493667000363
Wassserstein Loss,3.801447541000016,39.222638792,29.211114415999873
Abs Diff NTL Loss,0.13351237500000934,33.91756833399995,27.41471362500033
